freq,v,sample,race
0.0112451410752357,TRBV20-1*00,SRR11241378,Asian
0.0128249361987785,TRBV20-1*00,SRR11241378,Asian
0.0160642193749449,TRBV4-1*00,SRR11241378,Asian
0.01789528161606,TRBV28*00,SRR11241378,Asian
0.0179355968625362,TRBV7-9*00,SRR11241378,Asian
0.018899412522478,TRBV10-3*00,SRR11241378,Asian
0.0297188996000352,TRBV28*00,SRR11241378,Asian
0.0306714644935186,TRBV28*00,SRR11241378,Asian
0.0347892450173168,TRBV24-1*00,SRR11241378,Asian
0.0657044761174355,TRBV9*00,SRR11241378,Asian
0.0111069240960847,TRBV20-1*00,SRR11241379,Asian
0.0134243169031663,TRBV10-3*00,SRR11241379,Asian
0.0157525106088826,TRBV4-1*00,SRR11241379,Asian
0.0159733289809712,TRBV7-9*00,SRR11241379,Asian
0.0163621613318228,TRBV28*00,SRR11241379,Asian
0.0172874383148677,TRBV20-1*00,SRR11241379,Asian
0.0240007968662992,TRBV24-1*00,SRR11241379,Asian
0.0255141227750148,TRBV28*00,SRR11241379,Asian
0.0286307820810691,TRBV28*00,SRR11241379,Asian
0.0646277770310489,TRBV9*00,SRR11241379,Asian
0.0029737693750709,TRBV28*00,SRR11241380,Asian
0.003162299062247,TRBV6-1*00,SRR11241380,Asian
0.0031977134786227,TRBV28*00,SRR11241380,Asian
0.0040362018663397,TRBV5-1*00,SRR11241380,Asian
0.0044767988700717,TRBV7-9*00,SRR11241380,Asian
0.0049413526848814,TRBV7-9*00,SRR11241380,Asian
0.0050080151157061,TRBV20-1*00,SRR11241380,Asian
0.011004509088485,TRBV11-2*00,SRR11241380,Asian
0.0183207108714967,TRBV12-4*00,SRR11241380,Asian
0.0256014982381327,TRBV28*00,SRR11241380,Asian
0.0028519126604879,TRBV28*00,SRR11241381,Asian
0.0031558939806687,TRBV28*00,SRR11241381,Asian
0.0034799180252571,TRBV6-1*00,SRR11241381,Asian
0.0039751403408265,TRBV5-1*00,SRR11241381,Asian
0.004292483477279,TRBV7-9*00,SRR11241381,Asian
0.004379335283045,TRBV20-1*00,SRR11241381,Asian
0.004717556257422,TRBV7-9*00,SRR11241381,Asian
0.0106159630278543,TRBV11-2*00,SRR11241381,Asian
0.0198406269364194,TRBV12-4*00,SRR11241381,Asian
0.0235134561840991,TRBV28*00,SRR11241381,Asian
0.0025453547078776,TRBV28*00,SRR11241382,Asian
0.0025477283678476,TRBV28*00,SRR11241382,Asian
0.0032329248792004,TRBV5-1*00,SRR11241382,Asian
0.0032906839384715,TRBV6-1*00,SRR11241382,Asian
0.0038975496708129,TRBV7-9*00,SRR11241382,Asian
0.0042567635462796,TRBV7-9*00,SRR11241382,Asian
0.0046887696608277,TRBV20-1*00,SRR11241382,Asian
0.0095413218595885,TRBV11-2*00,SRR11241382,Asian
0.0144729960573507,TRBV12-4*00,SRR11241382,Asian
0.0221984680398553,TRBV28*00,SRR11241382,Asian
0.0028813374199803,TRBV28*00,SRR11241383,Asian
0.0031307118092305,TRBV28*00,SRR11241383,Asian
0.0032457333298536,TRBV6-1*00,SRR11241383,Asian
0.0040276863566111,TRBV5-1*00,SRR11241383,Asian
0.0042200332692499,TRBV7-9*00,SRR11241383,Asian
0.0046772196495419,TRBV20-1*00,SRR11241383,Asian
0.0049381928475945,TRBV7-9*00,SRR11241383,Asian
0.0112353794598628,TRBV11-2*00,SRR11241383,Asian
0.0191254691476518,TRBV12-4*00,SRR11241383,Asian
0.0253772270921109,TRBV28*00,SRR11241383,Asian
0.0027458847404365,TRBV28*00,SRR11241384,Asian
0.003047811891874,TRBV28*00,SRR11241384,Asian
0.0035337493719239,TRBV6-1*00,SRR11241384,Asian
0.00400616772579,TRBV5-1*00,SRR11241384,Asian
0.0041428611127592,TRBV7-9*00,SRR11241384,Asian
0.0042502630596636,TRBV20-1*00,SRR11241384,Asian
0.0046535836574794,TRBV7-9*00,SRR11241384,Asian
0.0108994199543804,TRBV11-2*00,SRR11241384,Asian
0.021491655319363,TRBV12-4*00,SRR11241384,Asian
0.0230703888326009,TRBV28*00,SRR11241384,Asian
0.0103722967314342,TRBV6-5*00,SRR11241385,Asian
0.011137646808971,TRBV20-1*00,SRR11241385,Asian
0.0146849041709575,TRBV4-1*00,SRR11241385,Asian
0.0156265652611206,TRBV7-9*00,SRR11241385,Asian
0.0198740578380262,TRBV28*00,SRR11241385,Asian
0.0200754130285824,TRBV10-3*00,SRR11241385,Asian
0.0298536618595201,TRBV28*00,SRR11241385,Asian
0.0317900776970576,TRBV28*00,SRR11241385,Asian
0.0357400454401564,TRBV24-1*00,SRR11241385,Asian
0.0618390841444307,TRBV9*00,SRR11241385,Asian
0.0024062510459939,TRBV28*00,SRR11241386,Asian
0.0026157597666395,TRBV28*00,SRR11241386,Asian
0.003105439912527,TRBV5-1*00,SRR11241386,Asian
0.0032839562188758,TRBV6-1*00,SRR11241386,Asian
0.0037897524201976,TRBV7-9*00,SRR11241386,Asian
0.0041814965369076,TRBV7-9*00,SRR11241386,Asian
0.0051918492429792,TRBV20-1*00,SRR11241386,Asian
0.0094626039330613,TRBV11-2*00,SRR11241386,Asian
0.0161346508828499,TRBV12-4*00,SRR11241386,Asian
0.0214777431075969,TRBV28*00,SRR11241386,Asian
0.0006895210480719,TRBV7-6*00,SRR11241387,Asian
0.0009724014780502,TRBV27*00,SRR11241387,Asian
0.0010077615317975,TRBV12-3*00,SRR11241387,Asian
0.0010077615317975,TRBV29-1*00,SRR11241387,Asian
0.0011668817736602,TRBV5-1*00,SRR11241387,Asian
0.0014320821767649,TRBV4-1*00,SRR11241387,Asian
0.0015028022842594,TRBV9*00,SRR11241387,Asian
0.0021923233323314,TRBV24-1*00,SRR11241387,Asian
0.002263043439826,TRBV15*00,SRR11241387,Asian
0.0029348844610243,TRBV28*00,SRR11241387,Asian
0.002434832445746,TRBV3-1*00,SRR5812610,European
0.0026084863791983,TRBV24-1*00,SRR5812610,European
0.00422680483981,TRBV10-3*00,SRR5812610,European
0.0043451619128845,TRBV29-1*00,SRR5812610,European
0.0062060510836754,TRBV2*00,SRR5812610,European
0.0112192698934881,TRBV5-1*00,SRR5812610,European
0.0131289183648091,TRBV5-1*00,SRR5812610,European
0.0138856409171706,TRBV28*00,SRR5812610,European
0.0156389327488028,TRBV28*00,SRR5812610,European
0.047102710104575,TRBV14*00,SRR5812610,European
0.0028765819526604,TRBV9*00,SRR5812611,European
0.0031971787481992,TRBV3-1*00,SRR5812611,European
0.0043324513433675,TRBV12-3*00,SRR5812611,European
0.0047211644946164,TRBV7-7*00,SRR5812611,European
0.0053630905196262,TRBV20-1*00,SRR5812611,European
0.0079708692191082,TRBV29-1*00,SRR5812611,European
0.0106714577611629,TRBV5-1*00,SRR5812611,European
0.0109338783757879,TRBV7-8*00,SRR5812611,European
0.0155215306278758,TRBV5-6*00,SRR5812611,European
0.0182034944213646,TRBV12-4*00,SRR5812611,European
0.0113324413641035,TRBV6-5*00,SRR5812612,European
0.0117479549804847,TRBV20-1*00,SRR5812612,European
0.0128698417447139,TRBV7-9*00,SRR5812612,European
0.0130554378266975,TRBV7-3*00,SRR5812612,European
0.0135346635309239,TRBV28*00,SRR5812612,European
0.0218255452231169,TRBV3-1*00,SRR5812612,European
0.0289114374278045,TRBV28*00,SRR5812612,European
0.0338588195535167,TRBV29-1*00,SRR5812612,European
0.0374045357466364,TRBV20-1*00,SRR5812612,European
0.1460558062487707,TRBV7-9*00,SRR5812612,European
0.0026210883757445,TRBV24-1*00,SRR5812613,European
0.0027020743851732,TRBV11-2*00,SRR5812613,European
0.0029016810790004,TRBV5-1*00,SRR5812613,European
0.0035300372345088,TRBV10-3*00,SRR5812613,European
0.0038944742769378,TRBV5-1*00,SRR5812613,European
0.0040588282372489,TRBV7-3*00,SRR5812613,European
0.0044113555724091,TRBV5-1*00,SRR5812613,European
0.0118868406309667,TRBV6-6*00,SRR5812613,European
0.015758924658239,TRBV20-1*00,SRR5812613,European
0.0250375393973116,TRBV20-1*00,SRR5812613,European
0.0097885014983508,TRBV20-1*00,SRR5812614,European
0.0105190528684173,TRBV11-1*00,SRR5812614,European
0.0131924939671311,TRBV27*00,SRR5812614,European
0.0136461231334911,TRBV7-2*00,SRR5812614,European
0.0136862535729394,TRBV16*00,SRR5812614,European
0.0147824132007417,TRBV12-4*00,SRR5812614,European
0.0151604375060417,TRBV6-2*00,SRR5812614,European
0.0153426873470719,TRBV7-3*00,SRR5812614,European
0.0177338850788374,TRBV7-2*00,SRR5812614,European
0.0184686490364703,TRBV20-1*00,SRR5812614,European
0.0105108906472597,TRBV9*00,SRR5812615,European
0.0126628447846758,TRBV9*00,SRR5812615,European
0.0137806594462848,TRBV9*00,SRR5812615,European
0.0142977291841883,TRBV9*00,SRR5812615,European
0.0169388613309074,TRBV9*00,SRR5812615,European
0.0189020099208733,TRBV9*00,SRR5812615,European
0.0253342716396903,TRBV9*00,SRR5812615,European
0.031444705720808,TRBV9*00,SRR5812615,European
0.03301951562795,TRBV9*00,SRR5812615,European
0.0417474811623556,TRBV9*00,SRR5812615,European
0.0014748021893772,TRBV12-3*00,SRR5812616,European
0.0015170452671633,TRBV9*00,SRR5812616,European
0.001656002759881,TRBV9*00,SRR5812616,European
0.001815340684864,TRBV5-6*00,SRR5812616,European
0.0020436015262349,TRBV9*00,SRR5812616,European
0.0023885866614888,TRBV6-5*00,SRR5812616,European
0.0026694660734355,TRBV11-2*00,SRR5812616,European
0.0028851281021333,TRBV9*00,SRR5812616,European
0.0031093128570512,TRBV9*00,SRR5812616,European
0.0056249993052125,TRBV9*00,SRR5812616,European
0.0091254460099397,TRBV29-1*00,SRR5812617,European
0.0094112438650749,TRBV9*00,SRR5812617,European
0.0104054689072437,TRBV5-4*00,SRR5812617,European
0.0111875423936972,TRBV10-3*00,SRR5812617,European
0.0119859352305903,TRBV20-1*00,SRR5812617,European
0.0150196606328309,TRBV7-8*00,SRR5812617,European
0.0219612427980405,TRBV20-1*00,SRR5812617,European
0.0322026813111217,TRBV7-3*00,SRR5812617,European
0.0367507587451842,TRBV27*00,SRR5812617,European
0.0388387987116918,TRBV20-1*00,SRR5812617,European
0.0029066462344595,TRBV10-3*00,SRR5812618,European
0.0031211083585091,TRBV12-3*00,SRR5812618,European
0.0032633226038895,TRBV29-1*00,SRR5812618,European
0.0036899653400308,TRBV20-1*00,SRR5812618,European
0.0038618392408649,TRBV10-3*00,SRR5812618,European
0.0040576690172577,TRBV7-3*00,SRR5812618,European
0.0040686963250546,TRBV12-4*00,SRR5812618,European
0.0040778223728865,TRBV20-1*00,SRR5812618,European
0.0064144708698454,TRBV5-1*00,SRR5812618,European
0.0137362229949787,TRBV7-3*00,SRR5812618,European
0.0076118587473439,TRBV10-3*00,SRR5812619,European
0.0083978549023575,TRBV7-3*00,SRR5812619,European
0.0087718304158656,TRBV27*00,SRR5812619,European
0.0105105737124354,TRBV7-3*00,SRR5812619,European
0.0126058889001315,TRBV11-3*00,SRR5812619,European
0.0127099058990185,TRBV7-3*00,SRR5812619,European
0.0216934129312961,TRBV27*00,SRR5812619,European
0.0228910249924112,TRBV7-3*00,SRR5812619,European
0.023679044824446,TRBV16*00,SRR5812619,European
0.0304450065769503,TRBV7-2*00,SRR5812619,European
0.0160846422494513,TRBV7-8*00,SRR5812620,European
0.0173826631438254,TRBV7-6*00,SRR5812620,European
0.024310614518834,TRBV10-3*00,SRR5812620,European
0.0248980160032807,TRBV6-2*00,SRR5812620,European
0.0292407424303277,TRBV20-1*00,SRR5812620,European
0.030584382174975,TRBV11-1*00,SRR5812620,European
0.0368750805384341,TRBV7-2*00,SRR5812620,European
0.0426352834059315,TRBV6-2*00,SRR5812620,European
0.0433689473897082,TRBV12-4*00,SRR5812620,European
0.0553366059763515,TRBV20-1*00,SRR5812620,European
0.0007354617909771,TRBV20-1*00,SRR5812621,European
0.0007381226512918,TRBV20-1*00,SRR5812621,European
0.0007661947276117,TRBV7-9*00,SRR5812621,European
0.0010195086295691,TRBV9*00,SRR5812621,European
0.0010567606739746,TRBV20-1*00,SRR5812621,European
0.0011838167540005,TRBV3-1*00,SRR5812621,European
0.0016412186420937,TRBV20-1*00,SRR5812621,European
0.0041453542842378,TRBV5-1*00,SRR5812621,European
0.0055175599485176,TRBV2*00,SRR5812621,European
0.0084056577340698,TRBV29-1*00,SRR5812621,European
0.0006806676654516,TRBV11-2*00,SRR5812622,European
0.0007019246907877,TRBV29-1*00,SRR5812622,European
0.0007076818018163,TRBV12-3*00,SRR5812622,European
0.0007612672198512,TRBV29-1*00,SRR5812622,European
0.0008476238852793,TRBV12-3*00,SRR5812622,European
0.0008671094918375,TRBV29-1*00,SRR5812622,European
0.001137693710179,TRBV20-1*00,SRR5812622,European
0.001340964014956,TRBV20-1*00,SRR5812622,European
0.0016713336170555,TRBV11-2*00,SRR5812622,European
0.0020105603130451,TRBV3-1*00,SRR5812622,European
0.0047153793311749,TRBV4-3*00,SRR5812623,European
0.0049762086707975,TRBV7-2*00,SRR5812623,European
0.0050503824911933,TRBV27*00,SRR5812623,European
0.0051433286982326,TRBV24-1*00,SRR5812623,European
0.0058423330138975,TRBV5-6*00,SRR5812623,European
0.005880793513362,TRBV11-1*00,SRR5812623,European
0.0061681789121386,TRBV19*00,SRR5812623,European
0.0198082255714398,TRBV5-1*00,SRR5812623,European
0.0269679833130271,TRBV20-1*00,SRR5812623,European
0.0326541850136221,TRBV5-1*00,SRR5812623,European
0.0013804206059351,TRBV7-6*00,SRR5812624,European
0.0015969446477683,TRBV12-4*00,SRR5812624,European
0.0016483611237789,TRBV6-5*00,SRR5812624,European
0.0020846027773839,TRBV20-1*00,SRR5812624,European
0.0023327431616086,TRBV10-2*00,SRR5812624,European
0.0024949765144866,TRBV6-1*00,SRR5812624,European
0.0027471088611346,TRBV20-1*00,SRR5812624,European
0.0038204677174789,TRBV12-4*00,SRR5812624,European
0.0062760036432245,TRBV7-9*00,SRR5812624,European
0.0180546879690555,TRBV20-1*00,SRR5812624,European
0.0003861777832805,TRBV20-1*00,SRR5812625,European
0.0004042864470548,TRBV20-1*00,SRR5812625,European
0.0004291332182801,TRBV29-1*00,SRR5812625,European
0.0004299754817115,TRBV12-3*00,SRR5812625,European
0.0004388192477408,TRBV29-1*00,SRR5812625,European
0.0004476630137701,TRBV29-1*00,SRR5812625,European
0.0004851437364658,TRBV20-1*00,SRR5812625,European
0.0005099905076911,TRBV20-1*00,SRR5812625,European
0.0005529459426907,TRBV20-1*00,SRR5812625,European
0.0018133931677274,TRBV29-1*00,SRR5812625,European
0.001397633108331,TRBV10-3*00,SRR5812626,European
0.0014310764719946,TRBV4-1*00,SRR5812626,European
0.001530907408304,TRBV7-7*00,SRR5812626,European
0.0024403672380823,TRBV7-2*00,SRR5812626,European
0.0026465181215611,TRBV6-6*00,SRR5812626,European
0.0038794301849817,TRBV20-1*00,SRR5812626,European
0.0041245151336212,TRBV12-3*00,SRR5812626,European
0.0055006845906457,TRBV5-6*00,SRR5812626,European
0.0072057969828096,TRBV20-1*00,SRR5812626,European
0.0964546540433775,TRBV12-3*00,SRR5812626,European
0.0098928244033665,TRBV11-2*00,SRR5812627,European
0.0184210868311272,TRBV5-1*00,SRR5812627,European
0.0193212978633858,TRBV5-1*00,SRR5812627,European
0.0201765233360091,TRBV12-3*00,SRR5812627,European
0.0222523569934051,TRBV20-1*00,SRR5812627,European
0.0330473917872363,TRBV12-3*00,SRR5812627,European
0.0347278523593926,TRBV2*00,SRR5812627,European
0.0418510658078756,TRBV12-4*00,SRR5812627,European
0.0638580015814923,TRBV27*00,SRR5812627,European
0.1763558897593872,TRBV24-1*00,SRR5812627,European
0.0005337634568346,TRBV6-5*00,SRR5812628,European
0.0006303290126437,TRBV29-1*00,SRR5812628,European
0.0007130994890514,TRBV20-1*00,SRR5812628,European
0.0007757079263342,TRBV20-1*00,SRR5812628,European
0.0009444323590116,TRBV6-6*00,SRR5812628,European
0.0012755142646426,TRBV5-5*00,SRR5812628,European
0.0018305009205562,TRBV5-6*00,SRR5812628,European
0.0024226281748579,TRBV20-1*00,SRR5812628,European
0.0032556387387052,TRBV20-1*00,SRR5812628,European
0.0289261591846046,TRBV12-3*00,SRR5812628,European
0.0016833875495906,TRBV7-2*00,SRR5812629,European
0.0017949677143902,TRBV7-6*00,SRR5812629,European
0.0031169808061939,TRBV20-1*00,SRR5812629,European
0.0031857852116128,TRBV27*00,SRR5812629,European
0.0034357812770501,TRBV7-9*00,SRR5812629,European
0.0040530032013216,TRBV5-1*00,SRR5812629,European
0.0083309826842918,TRBV7-2*00,SRR5812629,European
0.0106408736908499,TRBV27*00,SRR5812629,European
0.0137518013235465,TRBV7-3*00,SRR5812629,European
0.0170517897418079,TRBV5-1*00,SRR5812629,European
0.0044700356087582,TRBV9*00,SRR5812630,European
0.0059491421526424,TRBV9*00,SRR5812630,European
0.0061264971864259,TRBV9*00,SRR5812630,European
0.008148000192852,TRBV9*00,SRR5812630,European
0.0089245741757295,TRBV9*00,SRR5812630,European
0.0090382191488335,TRBV9*00,SRR5812630,European
0.01356163345708,TRBV9*00,SRR5812630,European
0.0198723732514171,TRBV9*00,SRR5812630,European
0.0276570539090426,TRBV9*00,SRR5812630,European
0.0393073855457369,TRBV9*00,SRR5812630,European
0.0014005509758294,TRBV9*00,SRR5812631,European
0.001405833582056,TRBV9*00,SRR5812631,European
0.0015002601683566,TRBV9*00,SRR5812631,European
0.0015438416697261,TRBV9*00,SRR5812631,European
0.0015953470804356,TRBV9*00,SRR5812631,European
0.0019096621509187,TRBV9*00,SRR5812631,European
0.0021335125897712,TRBV9*00,SRR5812631,European
0.0022193549409536,TRBV9*00,SRR5812631,European
0.0025732895581364,TRBV9*00,SRR5812631,European
0.0026201726883975,TRBV9*00,SRR5812631,European
0.0007984276199245,TRBV2*00,SRR5812632,European
0.0008700622475065,TRBV5-5*00,SRR5812632,European
0.0009829862784865,TRBV7-8*00,SRR5812632,European
0.0010809864287203,TRBV9*00,SRR5812632,European
0.0012655450872823,TRBV4-1*00,SRR5812632,European
0.0013739919540384,TRBV20-1*00,SRR5812632,European
0.001482936283486,TRBV12-3*00,SRR5812632,European
0.0023211609187339,TRBV12-4*00,SRR5812632,European
0.0024873134577089,TRBV20-1*00,SRR5812632,European
0.0057551458784469,TRBV29-1*00,SRR5812632,European
0.0019153492890576,TRBV9*00,SRR5812633,European
0.0027893078983779,TRBV9*00,SRR5812633,European
0.0028619844564161,TRBV9*00,SRR5812633,European
0.0029512202302098,TRBV9*00,SRR5812633,European
0.0037028246342253,TRBV9*00,SRR5812633,European
0.0039429332626806,TRBV9*00,SRR5812633,European
0.0064829329682946,TRBV9*00,SRR5812633,European
0.009598825399629,TRBV9*00,SRR5812633,European
0.4089178736495039,TRBV9*00,SRR5812633,European
0.4442184418145957,TRBV9*00,SRR5812633,European
0.003910999368272,TRBV9*00,SRR5812634,European
0.0040087743524788,TRBV9*00,SRR5812634,European
0.004096390896768,TRBV9*00,SRR5812634,European
0.0048703370379893,TRBV9*00,SRR5812634,European
0.0057718985806754,TRBV9*00,SRR5812634,European
0.0083686497846093,TRBV9*00,SRR5812634,European
0.0104676374325812,TRBV9*00,SRR5812634,European
0.0113939601725664,TRBV9*00,SRR5812634,European
0.012487262268697,TRBV9*00,SRR5812634,European
0.0182826522416819,TRBV9*00,SRR5812634,European
0.0059876087514334,TRBV9*00,SRR5812635,European
0.006580515297238,TRBV7-9*00,SRR5812635,European
0.0066710290416255,TRBV4-1*00,SRR5812635,European
0.0078294388895209,TRBV10-2*00,SRR5812635,European
0.0084767367220904,TRBV12-4*00,SRR5812635,European
0.0108101644443743,TRBV11-2*00,SRR5812635,European
0.0137070194654374,TRBV10-2*00,SRR5812635,European
0.0169136141805973,TRBV5-1*00,SRR5812635,European
0.0334859334167609,TRBV2*00,SRR5812635,European
0.0491161623501021,TRBV29-1*00,SRR5812635,European
0.0014138478784255,TRBV5-6*00,SRR5812636,European
0.0017116786601634,TRBV6-3*00,SRR5812636,European
0.0019090143928487,TRBV28*00,SRR5812636,European
0.0022349054804909,TRBV20-1*00,SRR5812636,European
0.0024664356324642,TRBV5-5*00,SRR5812636,European
0.003206444630034,TRBV4-3*00,SRR5812636,European
0.0033823762224015,TRBV4-3*00,SRR5812636,European
0.004097065688132,TRBV6-5*00,SRR5812636,European
0.0081869531584745,TRBV28*00,SRR5812636,European
0.0171652069434509,TRBV12-4*00,SRR5812636,European
0.0011291541699346,TRBV7-7*00,SRR5812637,European
0.0012769560499366,TRBV6-4*00,SRR5812637,European
0.0012773119132111,TRBV3-1*00,SRR5812637,European
0.001435671070356,TRBV10-2*00,SRR5812637,European
0.0015941488485925,TRBV25-1*00,SRR5812637,European
0.0017977026415968,TRBV10-2*00,SRR5812637,European
0.0025222402684442,TRBV4-1*00,SRR5812637,European
0.002621763364208,TRBV10-2*00,SRR5812637,European
0.003618299153852,TRBV2*00,SRR5812637,European
0.0038222088101308,TRBV5-1*00,SRR5812637,European
0.0027637327706312,TRBV27*00,SRR5812638,European
0.0028113460211824,TRBV4-1*00,SRR5812638,European
0.0037897622493653,TRBV4-3*00,SRR5812638,European
0.0039023026597591,TRBV10-3*00,SRR5812638,European
0.0043091795281057,TRBV5-1*00,SRR5812638,European
0.0045595097999431,TRBV7-8*00,SRR5812638,European
0.0078549238683962,TRBV7-8*00,SRR5812638,European
0.017102715668637,TRBV3-1*00,SRR5812638,European
0.0239301672325249,TRBV28*00,SRR5812638,European
0.0250882152696055,TRBV20-1*00,SRR5812638,European
0.0122634399904396,TRBV9*00,SRR5812639,European
0.0170476855551554,TRBV9*00,SRR5812639,European
0.0171988953555015,TRBV9*00,SRR5812639,European
0.0187353820364383,TRBV9*00,SRR5812639,European
0.0199247365413115,TRBV9*00,SRR5812639,European
0.0227400028778639,TRBV9*00,SRR5812639,European
0.023757823684495,TRBV9*00,SRR5812639,European
0.0330978742015756,TRBV9*00,SRR5812639,European
0.0387609251113139,TRBV9*00,SRR5812639,European
0.1509398989820979,TRBV9*00,SRR5812639,European
0.0026822774994632,TRBV9*00,SRR5812640,European
0.0028602801539277,TRBV9*00,SRR5812640,European
0.0028680677700606,TRBV9*00,SRR5812640,European
0.0029164622417431,TRBV19*00,SRR5812640,European
0.0032630111596539,TRBV9*00,SRR5812640,European
0.0035205587503323,TRBV9*00,SRR5812640,European
0.0068664523959713,TRBV9*00,SRR5812640,European
0.0081764406811716,TRBV9*00,SRR5812640,European
0.0150606933425894,TRBV24-1*00,SRR5812640,European
0.0265023702165958,TRBV9*00,SRR5812640,European
0.0100827225986333,TRBV7-9*00,SRR5812641,European
0.0101854999591525,TRBV13*00,SRR5812641,European
0.0122146940001739,TRBV28*00,SRR5812641,European
0.0145680320243714,TRBV7-2*00,SRR5812641,European
0.0148447403026925,TRBV4-3*00,SRR5812641,European
0.0172507846656178,TRBV7-9*00,SRR5812641,European
0.0331786402291671,TRBV27*00,SRR5812641,European
0.0411610152294965,TRBV4-3*00,SRR5812641,European
0.0438806623078524,TRBV4-3*00,SRR5812641,European
0.0755387246647218,TRBV7-9*00,SRR5812641,European
0.0083980890167211,TRBV7-6*00,SRR5812642,European
0.0096127658882984,TRBV11-2*00,SRR5812642,European
0.0106560067599408,TRBV13*00,SRR5812642,European
0.0123360795593038,TRBV3-2*00,SRR5812642,European
0.0158575862461203,TRBV29-1*00,SRR5812642,European
0.0176301207364435,TRBV20-1*00,SRR5812642,European
0.0226038772160743,TRBV5-8*00,SRR5812642,European
0.0247654333024586,TRBV3-1*00,SRR5812642,European
0.0275938835535189,TRBV9*00,SRR5812642,European
0.1395402915224491,TRBV20-1*00,SRR5812642,European
0.0019161351717913,TRBV9*00,SRR5812643,European
0.0019578836163904,TRBV9*00,SRR5812643,European
0.0022172569317715,TRBV9*00,SRR5812643,European
0.0023263654554222,TRBV9*00,SRR5812643,European
0.0026910968431661,TRBV9*00,SRR5812643,European
0.0028308998497253,TRBV9*00,SRR5812643,European
0.0033844368509868,TRBV9*00,SRR5812643,European
0.0035438310307207,TRBV9*00,SRR5812643,European
0.0049168909864219,TRBV9*00,SRR5812643,European
0.0126955243496075,TRBV9*00,SRR5812643,European
0.0017553703109971,TRBV28*00,SRR5812644,European
0.0022786358503979,TRBV18*00,SRR5812644,European
0.0027508468433304,TRBV20-1*00,SRR5812644,European
0.0031500480923372,TRBV3-1*00,SRR5812644,European
0.0033377127563182,TRBV29-1*00,SRR5812644,European
0.0034893081673334,TRBV12-3*00,SRR5812644,European
0.0037449293948729,TRBV20-1*00,SRR5812644,European
0.0038791000460013,TRBV5-1*00,SRR5812644,European
0.0041289711027782,TRBV28*00,SRR5812644,European
0.0127772279297991,TRBV20-1*00,SRR5812644,European
0.000928801390353,TRBV6-2*00,SRR5812645,European
0.0010647433992828,TRBV27*00,SRR5812645,European
0.0010989324075166,TRBV5-5*00,SRR5812645,European
0.0012373164884632,TRBV9*00,SRR5812645,European
0.0014440785858774,TRBV15*00,SRR5812645,European
0.0016923559075757,TRBV12-4*00,SRR5812645,European
0.0030395656367906,TRBV7-6*00,SRR5812645,European
0.0044022418221113,TRBV11-2*00,SRR5812645,European
0.0055019882536335,TRBV29-1*00,SRR5812645,European
0.0086286544590199,TRBV28*00,SRR5812645,European
0.0012940366317267,TRBV9*00,SRR5812646,European
0.0013288745907023,TRBV9*00,SRR5812646,European
0.0014028084814172,TRBV9*00,SRR5812646,European
0.0014782907258643,TRBV9*00,SRR5812646,European
0.0016145458543022,TRBV9*00,SRR5812646,European
0.0016846088606864,TRBV9*00,SRR5812646,European
0.0017024149286073,TRBV9*00,SRR5812646,European
0.0017302852957878,TRBV9*00,SRR5812646,European
0.0019296358388148,TRBV9*00,SRR5812646,European
0.0025675575765012,TRBV9*00,SRR5812646,European
0.003933673039483,TRBV9*00,SRR5812647,European
0.0046580247077832,TRBV9*00,SRR5812647,European
0.0054481593337147,TRBV9*00,SRR5812647,European
0.0065856871066881,TRBV9*00,SRR5812647,European
0.0078111718679551,TRBV9*00,SRR5812647,European
0.0093027449971691,TRBV9*00,SRR5812647,European
0.009460180614871,TRBV9*00,SRR5812647,European
0.0100721838611491,TRBV9*00,SRR5812647,European
0.0145254683524843,TRBV9*00,SRR5812647,European
0.0289245447301937,TRBV9*00,SRR5812647,European
0.0020207544998544,TRBV5-1*00,SRR5812648,European
0.0022693211125928,TRBV4-1*00,SRR5812648,European
0.0024247429379869,TRBV10-2*00,SRR5812648,European
0.0028800422400779,TRBV12-4*00,SRR5812648,European
0.0033327692297278,TRBV5-1*00,SRR5812648,European
0.0037312068883819,TRBV4-3*00,SRR5812648,European
0.0047501133848247,TRBV6-2*00,SRR5812648,European
0.0176998111381128,TRBV27*00,SRR5812648,European
0.0203257359859741,TRBV5-4*00,SRR5812648,European
0.0597349164336918,TRBV28*00,SRR5812648,European
0.0049123851093517,TRBV10-2*00,SRR5812649,European
0.0058031794011709,TRBV21-1*00,SRR5812649,European
0.0058194682110785,TRBV10-3*00,SRR5812649,European
0.0059394527483439,TRBV27*00,SRR5812649,European
0.0066109298496222,TRBV27*00,SRR5812649,European
0.0081921078970768,TRBV24-1*00,SRR5812649,European
0.0103327774776952,TRBV27*00,SRR5812649,European
0.0113198502709323,TRBV28*00,SRR5812649,European
0.0192962768725368,TRBV7-8*00,SRR5812649,European
0.0253836378322735,TRBV29-1*00,SRR5812649,European
0.0100917354931863,TRBV21-1*00,SRR5812650,European
0.0112038034070615,TRBV29-1*00,SRR5812650,European
0.0116140329041799,TRBV29-1*00,SRR5812650,European
0.013353127393333,TRBV29-1*00,SRR5812650,European
0.0154370752658797,TRBV12-4*00,SRR5812650,European
0.020094954873632,TRBV20-1*00,SRR5812650,European
0.0361916324415597,TRBV7-6*00,SRR5812650,European
0.0456992514547308,TRBV9*00,SRR5812650,European
0.0672751662653861,TRBV29-1*00,SRR5812650,European
0.0757080109553292,TRBV13*00,SRR5812650,European
0.0003282600148311,TRBV29-1*00,SRR5812651,European
0.0003517596132083,TRBV29-1*00,SRR5812651,European
0.0003651250097853,TRBV29-1*00,SRR5812651,European
0.0003690905670115,TRBV29-1*00,SRR5812651,European
0.0003740842316666,TRBV20-1*00,SRR5812651,European
0.000448842329004,TRBV12-3*00,SRR5812651,European
0.0005895461742874,TRBV29-1*00,SRR5812651,European
0.0006453577204332,TRBV20-1*00,SRR5812651,European
0.0006684167013408,TRBV20-1*00,SRR5812651,European
0.0008525948036219,TRBV5-1*00,SRR5812651,European
0.0022452234675998,TRBV28*00,SRR5812652,European
0.0024481494123338,TRBV5-1*00,SRR5812652,European
0.0025033940785072,TRBV6-2*00,SRR5812652,European
0.0025208617566165,TRBV28*00,SRR5812652,European
0.0025279658362304,TRBV12-3*00,SRR5812652,European
0.0026560064240938,TRBV4-3*00,SRR5812652,European
0.0032422183583458,TRBV7-8*00,SRR5812652,European
0.0037466915883351,TRBV12-3*00,SRR5812652,European
0.0050621999780024,TRBV25-1*00,SRR5812652,European
0.0060178240521736,TRBV10-2*00,SRR5812652,European
0.0152586031452974,TRBV5-1*00,SRR5812653,European
0.016677385543018,TRBV4-2*00,SRR5812653,European
0.0185331256509472,TRBV11-2*00,SRR5812653,European
0.0185715340341505,TRBV27*00,SRR5812653,European
0.0190277790709893,TRBV4-1*00,SRR5812653,European
0.0215835161195495,TRBV7-8*00,SRR5812653,European
0.0312559441545433,TRBV7-2*00,SRR5812653,European
0.0467363515560882,TRBV4-1*00,SRR5812653,European
0.0482387677925588,TRBV4-3*00,SRR5812653,European
0.0629441904576949,TRBV9*00,SRR5812653,European
0.0090488488420158,TRBV5-1*00,SRR5812654,European
0.0099950320640446,TRBV7-8*00,SRR5812654,European
0.0104559882589849,TRBV4-3*00,SRR5812654,European
0.0114118418906978,TRBV14*00,SRR5812654,European
0.011921908597563,TRBV28*00,SRR5812654,European
0.0133487680656526,TRBV7-8*00,SRR5812654,European
0.0134265105748774,TRBV6-2*00,SRR5812654,European
0.0137867807395777,TRBV28*00,SRR5812654,European
0.014486463322601,TRBV12-3*00,SRR5812654,European
0.0226649752930513,TRBV10-2*00,SRR5812654,European
0.0037269858801669,TRBV9*00,SRR5812655,European
0.003800331926815,TRBV9*00,SRR5812655,European
0.0043554608288966,TRBV9*00,SRR5812655,European
0.0046308680432712,TRBV9*00,SRR5812655,European
0.005165862736469,TRBV9*00,SRR5812655,European
0.0056088153319124,TRBV9*00,SRR5812655,European
0.0061675396284375,TRBV9*00,SRR5812655,European
0.0083988414200945,TRBV9*00,SRR5812655,European
0.0170860334745604,TRBV9*00,SRR5812655,European
0.3363282969047968,TRBV9*00,SRR5812655,European
0.0034898473536001,TRBV6-5*00,SRR5812656,European
0.0036677712118911,TRBV18*00,SRR5812656,European
0.0039919436305256,TRBV20-1*00,SRR5812656,European
0.004346507213407,TRBV12-3*00,SRR5812656,European
0.0046273044492664,TRBV5-1*00,SRR5812656,European
0.0064603339660783,TRBV27*00,SRR5812656,European
0.0071422089610844,TRBV7-3*00,SRR5812656,European
0.0099202181999984,TRBV28*00,SRR5812656,European
0.0100688923462207,TRBV7-2*00,SRR5812656,European
0.0186884257890573,TRBV5-1*00,SRR5812656,European
0.010107413188746,TRBV28*00,SRR5812657,European
0.0120918135966505,TRBV7-9*00,SRR5812657,European
0.0125102414604385,TRBV28*00,SRR5812657,European
0.0133821749730026,TRBV4-3*00,SRR5812657,European
0.0156897921140128,TRBV7-2*00,SRR5812657,European
0.0240357993851365,TRBV7-9*00,SRR5812657,European
0.0371148020735982,TRBV27*00,SRR5812657,European
0.0395953025834788,TRBV4-3*00,SRR5812657,European
0.0434338144836174,TRBV4-3*00,SRR5812657,European
0.0854770453480593,TRBV7-9*00,SRR5812657,European
0.0121306106319473,TRBV28*00,SRR5812658,European
0.0134658160470136,TRBV7-9*00,SRR5812658,European
0.0159745652349632,TRBV7-2*00,SRR5812658,European
0.0173906014711209,TRBV28*00,SRR5812658,European
0.0184803206887983,TRBV4-3*00,SRR5812658,European
0.0276291721427053,TRBV7-9*00,SRR5812658,European
0.0430977963123183,TRBV27*00,SRR5812658,European
0.0498516604746266,TRBV4-3*00,SRR5812658,European
0.0537974020375354,TRBV4-3*00,SRR5812658,European
0.1075409168610099,TRBV7-9*00,SRR5812658,European
0.0121071315189471,TRBV6-5*00,SRR5812659,European
0.0136824535580632,TRBV3-2*00,SRR5812659,European
0.0161284115943702,TRBV7-3*00,SRR5812659,European
0.0169317055807286,TRBV7-9*00,SRR5812659,European
0.0195460186441167,TRBV28*00,SRR5812659,European
0.0251137598968705,TRBV3-1*00,SRR5812659,European
0.0274683252041905,TRBV20-1*00,SRR5812659,European
0.0410377403869279,TRBV28*00,SRR5812659,European
0.0671183391536071,TRBV29-1*00,SRR5812659,European
0.1938175223912186,TRBV7-9*00,SRR5812659,European
0.010220759142205,TRBV13*00,SRR5812660,European
0.011383977871499,TRBV6-5*00,SRR5812660,European
0.0127091637656314,TRBV7-9*00,SRR5812660,European
0.0142383862180667,TRBV28*00,SRR5812660,European
0.0168635163702527,TRBV3-1*00,SRR5812660,European
0.0181592536889599,TRBV7-3*00,SRR5812660,European
0.0218361186777589,TRBV20-1*00,SRR5812660,European
0.0378540402393748,TRBV28*00,SRR5812660,European
0.0603527518642,TRBV29-1*00,SRR5812660,European
0.1288333105457452,TRBV7-9*00,SRR5812660,European
0.0023146245852352,TRBV5-1*00,SRR5812661,European
0.0025886441182654,TRBV9*00,SRR5812661,European
0.0025937136130342,TRBV10-3*00,SRR5812661,European
0.0030739815385009,TRBV11-2*00,SRR5812661,European
0.0031081339243119,TRBV12-5*00,SRR5812661,European
0.0031374836308682,TRBV28*00,SRR5812661,European
0.0036639106402825,TRBV4-1*00,SRR5812661,European
0.0037124710638574,TRBV24-1*00,SRR5812661,European
0.0083342493999319,TRBV7-8*00,SRR5812661,European
0.0156732769320911,TRBV6-5*00,SRR5812661,European
0.0019108031130094,TRBV7-8*00,SRR5812662,European
0.0019727679793696,TRBV20-1*00,SRR5812662,European
0.0020813163622844,TRBV12-4*00,SRR5812662,European
0.0021652545855099,TRBV7-2*00,SRR5812662,European
0.0022918211210542,TRBV28*00,SRR5812662,European
0.0027268935869879,TRBV6-2*00,SRR5812662,European
0.0032621645602274,TRBV28*00,SRR5812662,European
0.0033474211848649,TRBV7-8*00,SRR5812662,European
0.0058260158392745,TRBV7-9*00,SRR5812662,European
0.0066785820856495,TRBV28*00,SRR5812662,European
0.0060002741731118,TRBV9*00,SRR5812664,European
0.0067168032641491,TRBV5-1*00,SRR5812664,European
0.0070566728085531,TRBV9*00,SRR5812664,European
0.007109667930812,TRBV10-3*00,SRR5812664,European
0.0078866377397974,TRBV9*00,SRR5812664,European
0.0083364393146723,TRBV10-3*00,SRR5812664,European
0.0093978746766093,TRBV10-3*00,SRR5812664,European
0.0097412480307494,TRBV10-3*00,SRR5812664,European
0.0171579372896892,TRBV5-1*00,SRR5812664,European
0.0229884956787076,TRBV29-1*00,SRR5812664,European
0.0033951263146165,TRBV5-1*00,SRR5812665,European
0.0034215263820144,TRBV20-1*00,SRR5812665,European
0.0037961743972922,TRBV20-1*00,SRR5812665,European
0.0041832459736985,TRBV20-1*00,SRR5812665,European
0.0042651638298888,TRBV6-2*00,SRR5812665,European
0.0048502359117787,TRBV7-2*00,SRR5812665,European
0.0071474300116742,TRBV12-3*00,SRR5812665,European
0.0073407716817347,TRBV7-2*00,SRR5812665,European
0.0088234460551505,TRBV12-4*00,SRR5812665,European
0.0117880183294115,TRBV10-3*00,SRR5812665,European
0.0076716891210142,TRBV30*00,SRR5812666,European
0.0089160576442409,TRBV24-1*00,SRR5812666,European
0.0095133238670342,TRBV20-1*00,SRR5812666,European
0.0109328853708877,TRBV5-1*00,SRR5812666,European
0.0146299556228896,TRBV20-1*00,SRR5812666,European
0.0147453453103484,TRBV7-9*00,SRR5812666,European
0.0152233883012491,TRBV28*00,SRR5812666,European
0.0177178756643532,TRBV4-3*00,SRR5812666,European
0.0199547488415028,TRBV20-1*00,SRR5812666,European
0.0224902551300491,TRBV6-5*00,SRR5812666,European
0.0063325983365963,TRBV4-3*00,SRR5812667,European
0.0066224295241369,TRBV10-3*00,SRR5812667,European
0.0085198292837475,TRBV7-6*00,SRR5812667,European
0.0158480119569572,TRBV7-9*00,SRR5812667,European
0.0162461746545467,TRBV18*00,SRR5812667,European
0.0253549011306257,TRBV5-1*00,SRR5812667,European
0.035233669291249,TRBV6-5*00,SRR5812667,European
0.0371875435101966,TRBV7-2*00,SRR5812667,European
0.0900849319038783,TRBV10-3*00,SRR5812667,European
0.1913649486117938,TRBV6-5*00,SRR5812667,European
0.0006784697972881,TRBV7-2*00,SRR5812668,European
0.0006958301210829,TRBV10-3*00,SRR5812668,European
0.0007195677066799,TRBV6-1*00,SRR5812668,European
0.0007348022765407,TRBV20-1*00,SRR5812668,European
0.0008492386966577,TRBV12-3*00,SRR5812668,European
0.0010270934424742,TRBV12-4*00,SRR5812668,European
0.0010327621196317,TRBV2*00,SRR5812668,European
0.0010479966894925,TRBV7-2*00,SRR5812668,European
0.0012095539884812,TRBV10-3*00,SRR5812668,European
0.0018834179855788,TRBV6-5*00,SRR5812668,European
0.0030262969641766,TRBV15*00,SRR5812669,European
0.003059586053713,TRBV10-3*00,SRR5812669,European
0.004985395297314,TRBV7-6*00,SRR5812669,European
0.0062879194602351,TRBV18*00,SRR5812669,European
0.0067591017328741,TRBV7-9*00,SRR5812669,European
0.0114130226918266,TRBV5-1*00,SRR5812669,European
0.0157650399398246,TRBV6-5*00,SRR5812669,European
0.0163130704297975,TRBV7-2*00,SRR5812669,European
0.0427973742699419,TRBV10-3*00,SRR5812669,European
0.083865309510622,TRBV6-5*00,SRR5812669,European
0.0005584663399328,TRBV6-2*00,SRR5812670,European
0.0006171493178592,TRBV9*00,SRR5812670,European
0.0006983274373241,TRBV12-3*00,SRR5812670,European
0.0009389276468223,TRBV30*00,SRR5812670,European
0.0012166937423406,TRBV7-2*00,SRR5812670,European
0.0012245181393975,TRBV5-1*00,SRR5812670,European
0.0017086527072902,TRBV6-5*00,SRR5812670,European
0.0017751600822735,TRBV5-1*00,SRR5812670,European
0.0018416674572567,TRBV20-1*00,SRR5812670,European
0.0031806174036107,TRBV10-3*00,SRR5812670,European
0.0072580500147143,TRBV6-3*00,SRR5812671,European
0.0076554029250612,TRBV2*00,SRR5812671,European
0.0081689793687877,TRBV24-1*00,SRR5812671,European
0.0086527324152697,TRBV20-1*00,SRR5812671,European
0.009002280174151,TRBV5-6*00,SRR5812671,European
0.0102781075650994,TRBV27*00,SRR5812671,European
0.0115684080752988,TRBV6-5*00,SRR5812671,European
0.0192097764604802,TRBV29-1*00,SRR5812671,European
0.025044197836137,TRBV5-6*00,SRR5812671,European
0.0352367824238439,TRBV4-3*00,SRR5812671,European
0.001045256362166,TRBV7-2*00,SRR5812672,European
0.0011509513901819,TRBV20-1*00,SRR5812672,European
0.0011523006884119,TRBV29-1*00,SRR5812672,European
0.0011986265943083,TRBV27*00,SRR5812672,European
0.0015202093391227,TRBV5-1*00,SRR5812672,European
0.0017113599217047,TRBV6-6*00,SRR5812672,European
0.0017486905060677,TRBV20-1*00,SRR5812672,European
0.0020324929004424,TRBV6-5*00,SRR5812672,European
0.0032742970381104,TRBV28*00,SRR5812672,European
0.0198513253256981,TRBV12-4*00,SRR5812672,European
0.0060795804366629,TRBV29-1*00,SRR5812673,European
0.0064111032731025,TRBV12-4*00,SRR5812673,European
0.006712091111449,TRBV12-3*00,SRR5812673,European
0.0075670710580563,TRBV29-1*00,SRR5812673,European
0.0104021521565186,TRBV20-1*00,SRR5812673,European
0.0129895258724908,TRBV9*00,SRR5812673,European
0.0148499796848788,TRBV12-3*00,SRR5812673,European
0.0150319433469847,TRBV7-6*00,SRR5812673,European
0.0273627856891811,TRBV29-1*00,SRR5812673,European
0.0467487704989543,TRBV13*00,SRR5812673,European
0.0019684463051591,TRBV29-1*00,SRR5812674,European
0.0019808459669239,TRBV6-5*00,SRR5812674,European
0.0021034648443756,TRBV29-1*00,SRR5812674,European
0.0022033510085919,TRBV28*00,SRR5812674,European
0.0023387139828574,TRBV10-3*00,SRR5812674,European
0.0041128989203683,TRBV20-1*00,SRR5812674,European
0.0049860417696383,TRBV5-1*00,SRR5812674,European
0.0053969527831213,TRBV10-3*00,SRR5812674,European
0.0065273886140105,TRBV28*00,SRR5812674,European
0.0438052495345821,TRBV5-1*00,SRR5812674,European
0.0096220825831145,TRBV18*00,SRR5812675,European
0.0116375296572414,TRBV10-3*00,SRR5812675,European
0.0126398299263158,TRBV27*00,SRR5812675,European
0.0206096235287879,TRBV12-3*00,SRR5812675,European
0.020734157830757,TRBV10-3*00,SRR5812675,European
0.0208872145051127,TRBV29-1*00,SRR5812675,European
0.0224884845943033,TRBV24-1*00,SRR5812675,European
0.0276699150033302,TRBV18*00,SRR5812675,European
0.0292731937102946,TRBV14*00,SRR5812675,European
0.1214715615878364,TRBV5-1*00,SRR5812675,European
0.0046270741348199,TRBV24-1*00,SRR5812676,European
0.0049404955710203,TRBV20-1*00,SRR5812676,European
0.0051108994586633,TRBV12-3*00,SRR5812676,European
0.0052271392534483,TRBV5-1*00,SRR5812676,European
0.0072172132269931,TRBV5-1*00,SRR5812676,European
0.0072403394688875,TRBV2*00,SRR5812676,European
0.0093137896303148,TRBV12-3*00,SRR5812676,European
0.0111048562065051,TRBV12-4*00,SRR5812676,European
0.0117712571242518,TRBV27*00,SRR5812676,European
0.0486393553864364,TRBV24-1*00,SRR5812676,European
0.0021809302505554,TRBV20-1*00,SRR5812677,European
0.0023395766848801,TRBV27*00,SRR5812677,European
0.0027338507501593,TRBV10-3*00,SRR5812677,European
0.003557427361724,TRBV29-1*00,SRR5812677,European
0.0046897433756458,TRBV12-3*00,SRR5812677,European
0.0054365424445399,TRBV24-1*00,SRR5812677,European
0.0057503731958804,TRBV10-3*00,SRR5812677,European
0.0060159379588578,TRBV18*00,SRR5812677,European
0.0060271389266214,TRBV14*00,SRR5812677,European
0.0279871453620865,TRBV5-1*00,SRR5812677,European
0.0005004398678954,TRBV5-1*00,SRR5812678,European
0.0005119773864636,TRBV12-4*00,SRR5812678,European
0.0005331295038386,TRBV7-2*00,SRR5812678,European
0.0005677420595432,TRBV12-3*00,SRR5812678,European
0.0005778373882903,TRBV29-1*00,SRR5812678,European
0.000695616223674,TRBV12-4*00,SRR5812678,European
0.0008148372488786,TRBV12-3*00,SRR5812678,European
0.0008148372488786,TRBV29-1*00,SRR5812678,European
0.0009960724363874,TRBV3-1*00,SRR5812678,European
0.002817558180341,TRBV20-1*00,SRR5812678,European
0.0011671228161203,TRBV9*00,SRR5812679,European
0.0016175141289073,TRBV5-1*00,SRR5812679,European
0.0017896301954396,TRBV7-9*00,SRR5812679,European
0.0020927177943514,TRBV20-1*00,SRR5812679,European
0.0021580465203345,TRBV12-3*00,SRR5812679,European
0.0026954381076278,TRBV27*00,SRR5812679,European
0.0034551986275942,TRBV9*00,SRR5812679,European
0.0060190370420157,TRBV12-3*00,SRR5812679,European
0.0108335756987189,TRBV12-3*00,SRR5812679,European
0.0308150575175461,TRBV12-3*00,SRR5812679,European
0.0007397565137938,TRBV11-2*00,SRR5812680,European
0.0007455780940035,TRBV7-8*00,SRR5812680,European
0.0007480730569505,TRBV11-2*00,SRR5812680,European
0.0011144167830058,TRBV7-9*00,SRR5812680,European
0.0011500393095273,TRBV29-1*00,SRR5812680,European
0.0011636229966833,TRBV7-9*00,SRR5812680,European
0.0016795258905077,TRBV7-8*00,SRR5812680,European
0.00200220776499,TRBV10-2*00,SRR5812680,European
0.0054843443847255,TRBV7-8*00,SRR5812680,European
0.0265890973445832,TRBV12-4*00,SRR5812680,European
0.0035647885068291,TRBV21-1*00,SRR5812681,European
0.0040671919953629,TRBV12-4*00,SRR5812681,European
0.0045080144737729,TRBV3-1*00,SRR5812681,European
0.0048390886173091,TRBV2*00,SRR5812681,European
0.0064617380721851,TRBV7-2*00,SRR5812681,European
0.0083272565273838,TRBV4-2*00,SRR5812681,European
0.009753781643087,TRBV27*00,SRR5812681,European
0.0122544177769539,TRBV29-1*00,SRR5812681,European
0.0210637540271541,TRBV12-4*00,SRR5812681,European
0.1318845740179353,TRBV12-4*00,SRR5812681,European
0.005446066543621,TRBV7-9*00,SRR5812682,European
0.0068396849903249,TRBV12-3*00,SRR5812682,European
0.0075730095519296,TRBV5-1*00,SRR5812682,European
0.0082209304711746,TRBV5-1*00,SRR5812682,European
0.0083247426724881,TRBV7-9*00,SRR5812682,European
0.0087060412665571,TRBV5-1*00,SRR5812682,European
0.0088246406709648,TRBV27*00,SRR5812682,European
0.0102452683967895,TRBV20-1*00,SRR5812682,European
0.01039857246152,TRBV4-1*00,SRR5812682,European
0.0151632205441932,TRBV27*00,SRR5812682,European
0.0040942664194367,TRBV20-1*00,SRR5812683,European
0.0041420343920216,TRBV7-9*00,SRR5812683,European
0.0048507457545066,TRBV5-4*00,SRR5812683,European
0.0052877767729151,TRBV28*00,SRR5812683,European
0.0056214636198661,TRBV28*00,SRR5812683,European
0.0137732518644436,TRBV29-1*00,SRR5812683,European
0.0185493601617864,TRBV13*00,SRR5812683,European
0.019167358307103,TRBV28*00,SRR5812683,European
0.0192695542099889,TRBV7-9*00,SRR5812683,European
0.1675050558265214,TRBV20-1*00,SRR5812683,European
0.0215505569231772,TRBV7-8*00,SRR5812684,European
0.0231701213751789,TRBV14*00,SRR5812684,European
0.0240226729571488,TRBV5-6*00,SRR5812684,European
0.0285377936966948,TRBV7-7*00,SRR5812684,European
0.0355590569191602,TRBV24-1*00,SRR5812684,European
0.0355774879123403,TRBV12-3*00,SRR5812684,European
0.056914906940025,TRBV3-1*00,SRR5812684,European
0.0656568687821981,TRBV29-1*00,SRR5812684,European
0.094839747240195,TRBV20-1*00,SRR5812684,European
0.2016303394941684,TRBV29-1*00,SRR5812684,European
0.0049378169166924,TRBV9*00,SRR5812685,European
0.0067964038381858,TRBV9*00,SRR5812685,European
0.0101768485573919,TRBV9*00,SRR5812685,European
0.0106056520509565,TRBV9*00,SRR5812685,European
0.0121196177598305,TRBV9*00,SRR5812685,European
0.0141926064281063,TRBV9*00,SRR5812685,European
0.021377037967524,TRBV9*00,SRR5812685,European
0.0328850188423621,TRBV9*00,SRR5812685,European
0.0612202484692636,TRBV9*00,SRR5812685,European
0.3266154119341536,TRBV9*00,SRR5812685,European
0.0032374264255708,TRBV10-2*00,SRR5812686,European
0.0034236735386648,TRBV5-1*00,SRR5812686,European
0.0034379186392594,TRBV5-1*00,SRR5812686,European
0.0040927386357436,TRBV15*00,SRR5812686,European
0.00541632064206,TRBV20-1*00,SRR5812686,European
0.0067988531178585,TRBV5-1*00,SRR5812686,European
0.0071692257333195,TRBV5-1*00,SRR5812686,European
0.0075577835835823,TRBV24-1*00,SRR5812686,European
0.0086543532421242,TRBV5-1*00,SRR5812686,European
0.0167416302456825,TRBV5-1*00,SRR5812686,European
0.0020680064809242,TRBV9*00,SRR5812687,European
0.002151077936559,TRBV9*00,SRR5812687,European
0.0022294217483772,TRBV9*00,SRR5812687,European
0.0024073837691883,TRBV9*00,SRR5812687,European
0.0030469664398073,TRBV9*00,SRR5812687,European
0.0032367475701599,TRBV5-1*00,SRR5812687,European
0.0037426054585375,TRBV9*00,SRR5812687,European
0.0037578014565195,TRBV9*00,SRR5812687,European
0.0048303012252026,TRBV9*00,SRR5812687,European
0.0133724782241348,TRBV9*00,SRR5812687,European
0.000940134717726,TRBV4-1*00,SRR7993430,African
0.000968068154093,TRBV5-1*00,SRR7993430,African
0.0009767973529577,TRBV12-3*00,SRR7993430,African
0.001249002870888,TRBV4-2*00,SRR7993430,African
0.0012612237492985,TRBV20-1*00,SRR7993430,African
0.0013415323788536,TRBV6-2*00,SRR7993430,African
0.0020251741366058,TRBV20-1*00,SRR7993430,African
0.0022534426869172,TRBV12-4*00,SRR7993430,African
0.0025479076619524,TRBV12-4*00,SRR7993430,African
0.0027214732327118,TRBV27*00,SRR7993430,African
0.0013021805897329,TRBV6-5*00,SRR7993431,African
0.0013814778624183,TRBV4-2*00,SRR7993431,African
0.0014012595476474,TRBV6-2*00,SRR7993431,African
0.0014679374694108,TRBV12-3*00,SRR7993431,African
0.0016642195357784,TRBV29-1*00,SRR7993431,African
0.0020399010233611,TRBV4-3*00,SRR7993431,African
0.0031183439318827,TRBV12-4*00,SRR7993431,African
0.0032801785808687,TRBV27*00,SRR7993431,African
0.0037225379902148,TRBV20-1*00,SRR7993431,African
0.0037257780938299,TRBV12-4*00,SRR7993431,African
0.001203443940106,TRBV20-1*00,SRR7993432,African
0.0012542624284491,TRBV4-3*00,SRR7993432,African
0.0012591445539667,TRBV12-3*00,SRR7993432,African
0.0016532652321206,TRBV29-1*00,SRR7993432,African
0.0016752347969501,TRBV20-1*00,SRR7993432,African
0.0018982591671892,TRBV4-2*00,SRR7993432,African
0.0019293272386653,TRBV12-4*00,SRR7993432,African
0.0022060549895988,TRBV27*00,SRR7993432,African
0.0024537119022225,TRBV12-4*00,SRR7993432,African
0.0031385409634741,TRBV20-1*00,SRR7993432,African
0.0011702212960164,TRBV7-3*00,SRR7993435,African
0.0012053501352786,TRBV9*00,SRR7993435,African
0.0012231104406305,TRBV25-1*00,SRR7993435,African
0.0014431554003212,TRBV5-1*00,SRR7993435,African
0.0014752806585312,TRBV4-2*00,SRR7993435,African
0.0019055762918728,TRBV15*00,SRR7993435,African
0.0019493241028499,TRBV5-6*00,SRR7993435,African
0.002004694466594,TRBV20-1*00,SRR7993435,African
0.0024660706343014,TRBV6-5*00,SRR7993435,African
0.0025516073990476,TRBV10-2*00,SRR7993435,African
0.0012477485583607,TRBV27*00,SRR7993436,African
0.0012827842549579,TRBV7-2*00,SRR7993436,African
0.0014263775266178,TRBV5-1*00,SRR7993436,African
0.0020482611412188,TRBV3-1*00,SRR7993436,African
0.0027059767182487,TRBV10-3*00,SRR7993436,African
0.003105436743846,TRBV20-1*00,SRR7993436,African
0.0039922114584776,TRBV6-1*00,SRR7993436,African
0.0048543019323248,TRBV24-1*00,SRR7993436,African
0.0067698521015844,TRBV27*00,SRR7993436,African
0.0157267810210569,TRBV20-1*00,SRR7993436,African
0.005532409028256,TRBV3-1*00,SRR7993446,African
0.0077983203005236,TRBV24-1*00,SRR7993446,African
0.0079054392844646,TRBV19*00,SRR7993446,African
0.0093753875536675,TRBV25-1*00,SRR7993446,African
0.0094825065376085,TRBV4-3*00,SRR7993446,African
0.010668390411501,TRBV7-2*00,SRR7993446,African
0.0144595089755122,TRBV12-3*00,SRR7993446,African
0.019015998992324,TRBV5-6*00,SRR7993446,African
0.0263606903046442,TRBV2*00,SRR7993446,African
0.0379361444604869,TRBV12-4*00,SRR7993446,African
0.00073294500746,TRBV2*00,SRR7993459,African
0.000766555192885,TRBV9*00,SRR7993459,African
0.0011155139554146,TRBV5-1*00,SRR7993459,African
0.0011603612811473,TRBV24-1*00,SRR7993459,African
0.0011808108517975,TRBV5-1*00,SRR7993459,African
0.0014701419058473,TRBV2*00,SRR7993459,African
0.0014845173466013,TRBV27*00,SRR7993459,African
0.0032439903064985,TRBV7-8*00,SRR7993459,African
0.0033735717442815,TRBV20-1*00,SRR7993459,African
0.0052367098544051,TRBV10-3*00,SRR7993459,African
0.0157610783308746,TRBV5-1*00,SRR7993460,African
0.0161153323410147,TRBV12-4*00,SRR7993460,African
0.0175160530365951,TRBV4-3*00,SRR7993460,African
0.022755685420402,TRBV6-2*00,SRR7993460,African
0.0235800431589001,TRBV15*00,SRR7993460,African
0.0257356966336363,TRBV10-3*00,SRR7993460,African
0.0277094702943499,TRBV6-5*00,SRR7993460,African
0.0330760705744601,TRBV7-9*00,SRR7993460,African
0.0397780404270534,TRBV14*00,SRR7993460,African
0.0638969333009463,TRBV5-1*00,SRR7993460,African
0.0037680941988045,TRBV5-1*00,SRR7993461,African
0.0055868225673802,TRBV10-3*00,SRR7993461,African
0.0063619078276692,TRBV5-5*00,SRR7993461,African
0.0072452355561851,TRBV6-5*00,SRR7993461,African
0.0073267132761708,TRBV6-2*00,SRR7993461,African
0.0077847182027052,TRBV15*00,SRR7993461,African
0.0093281520179436,TRBV14*00,SRR7993461,African
0.0111035469846051,TRBV5-1*00,SRR7993461,African
0.0118715313933199,TRBV29-1*00,SRR7993461,African
0.017753676556939,TRBV7-9*00,SRR7993461,African
0.0025650895186344,TRBV24-1*00,SRR7993462,African
0.0029234695013328,TRBV20-1*00,SRR7993462,African
0.003151129447005,TRBV20-1*00,SRR7993462,African
0.0032536346641582,TRBV15*00,SRR7993462,African
0.0036533014704321,TRBV27*00,SRR7993462,African
0.0046435381073498,TRBV7-9*00,SRR7993462,African
0.0049969999104373,TRBV20-1*00,SRR7993462,African
0.0054593087938604,TRBV25-1*00,SRR7993462,African
0.0097134047314958,TRBV5-1*00,SRR7993462,African
0.0108573991941433,TRBV24-1*00,SRR7993462,African
0.0015530215957064,TRBV15*00,SRR7993469,African
0.0016514404249491,TRBV5-1*00,SRR7993469,African
0.0017188882939405,TRBV12-4*00,SRR7993469,African
0.0024257144312286,TRBV6-1*00,SRR7993469,African
0.0029859446899944,TRBV4-1*00,SRR7993469,African
0.0029955800998503,TRBV5-1*00,SRR7993469,African
0.0030244863294181,TRBV9*00,SRR7993469,African
0.0054035149057496,TRBV7-9*00,SRR7993469,African
0.0089642576765539,TRBV12-3*00,SRR7993469,African
0.0145378834491647,TRBV20-1*00,SRR7993469,African
0.0023322792427147,TRBV14*00,SRR7993470,African
0.0024782763039966,TRBV9*00,SRR7993470,African
0.0025867196011463,TRBV5-1*00,SRR7993470,African
0.003080497173739,TRBV4-1*00,SRR7993470,African
0.0037771467112631,TRBV12-4*00,SRR7993470,African
0.003910353722442,TRBV7-9*00,SRR7993470,African
0.0047236104188836,TRBV6-1*00,SRR7993470,African
0.0054484252795068,TRBV12-4*00,SRR7993470,African
0.0085157242100545,TRBV12-3*00,SRR7993470,African
0.0119797868225202,TRBV20-1*00,SRR7993470,African
0.0010162970491089,TRBV4-1*00,SRR7993471,African
0.0012149142682404,TRBV20-1*00,SRR7993471,African
0.0012258187430162,TRBV14*00,SRR7993471,African
0.0014518529272984,TRBV20-1*00,SRR7993471,African
0.0018409868985851,TRBV6-1*00,SRR7993471,African
0.0020846240207197,TRBV7-9*00,SRR7993471,African
0.0024278034197367,TRBV5-1*00,SRR7993471,African
0.0047499892123588,TRBV12-4*00,SRR7993471,African
0.0055989804627641,TRBV12-3*00,SRR7993471,African
0.0092365574697755,TRBV20-1*00,SRR7993471,African
0.0073543621485576,TRBV27*00,SRR7993475,African
0.0075385058431845,TRBV10-3*00,SRR7993475,African
0.0076186607242752,TRBV20-1*00,SRR7993475,African
0.008015336300582,TRBV9*00,SRR7993475,African
0.0170805800966625,TRBV18*00,SRR7993475,African
0.0185740719909242,TRBV20-1*00,SRR7993475,African
0.0213263598586784,TRBV18*00,SRR7993475,African
0.0234421147408014,TRBV4-1*00,SRR7993475,African
0.0238134382997935,TRBV7-2*00,SRR7993475,African
0.0647999080647803,TRBV5-1*00,SRR7993475,African
0.005175085520481,TRBV7-3*00,SRR7993476,African
0.0055852264790251,TRBV7-6*00,SRR7993476,African
0.0060458025930654,TRBV29-1*00,SRR7993476,African
0.0061468353361206,TRBV7-6*00,SRR7993476,African
0.0086778517385103,TRBV24-1*00,SRR7993476,African
0.0097111633059472,TRBV6-6*00,SRR7993476,African
0.011373411820506,TRBV5-1*00,SRR7993476,African
0.0144317639147426,TRBV24-1*00,SRR7993476,African
0.0312013312931866,TRBV12-3*00,SRR7993476,African
0.0474477049973848,TRBV11-3*00,SRR7993476,African
0.0115855348254717,TRBV10-3*00,SRR7993477,African
0.0151370315276534,TRBV12-3*00,SRR7993477,African
0.0160560844289743,TRBV12-3*00,SRR7993477,African
0.0166177811656375,TRBV20-1*00,SRR7993477,African
0.0179005630261153,TRBV5-1*00,SRR7993477,African
0.0262441270929833,TRBV12-4*00,SRR7993477,African
0.0381241809588575,TRBV20-1*00,SRR7993477,African
0.0426035702450524,TRBV20-1*00,SRR7993477,African
0.0429393411380193,TRBV3-1*00,SRR7993477,African
0.066645657002221,TRBV7-2*00,SRR7993477,African
0.0151500422803735,TRBV3-1*00,SRR7993478,African
0.0152645224982412,TRBV4-2*00,SRR7993478,African
0.0176202490503981,TRBV12-5*00,SRR7993478,African
0.0259654621735812,TRBV20-1*00,SRR7993478,African
0.0282602477476921,TRBV4-2*00,SRR7993478,African
0.0383665811190211,TRBV20-1*00,SRR7993478,African
0.0403338808974788,TRBV7-2*00,SRR7993478,African
0.0565903185592993,TRBV28*00,SRR7993478,African
0.0767164672062698,TRBV25-1*00,SRR7993478,African
0.0975415044246768,TRBV3-1*00,SRR7993478,African
0.0169823376097573,TRBV4-2*00,SRR7993479,African
0.0210639019738673,TRBV20-1*00,SRR7993479,African
0.0223145495637674,TRBV7-2*00,SRR7993479,African
0.0259875829214728,TRBV20-1*00,SRR7993479,African
0.0267735140059212,TRBV7-2*00,SRR7993479,African
0.0282968485511965,TRBV20-1*00,SRR7993479,African
0.0345030571570503,TRBV28*00,SRR7993479,African
0.0408871448909984,TRBV25-1*00,SRR7993479,African
0.047394591009521,TRBV3-1*00,SRR7993479,African
0.0597173611360824,TRBV20-1*00,SRR7993479,African
0.0030475898571249,TRBV5-1*00,SRR7993480,African
0.0030872067658642,TRBV20-1*00,SRR7993480,African
0.0032012039657435,TRBV20-1*00,SRR7993480,African
0.0043916526384588,TRBV5-1*00,SRR7993480,African
0.0044500162926812,TRBV5-1*00,SRR7993480,African
0.0045380471266487,TRBV20-1*00,SRR7993480,African
0.00537352101677,TRBV20-1*00,SRR7993480,African
0.0055180347635037,TRBV20-1*00,SRR7993480,African
0.0081051463092481,TRBV20-1*00,SRR7993480,African
0.0354814616224695,TRBV20-1*00,SRR7993480,African
0.0113504560135123,TRBV5-4*00,SRR7993481,African
0.0122419314666336,TRBV5-1*00,SRR7993481,African
0.0139504339648064,TRBV6-5*00,SRR7993481,African
0.0207888673089826,TRBV20-1*00,SRR7993481,African
0.0263024048060734,TRBV3-1*00,SRR7993481,African
0.0273729919685547,TRBV27*00,SRR7993481,African
0.0292181420018319,TRBV2*00,SRR7993481,African
0.043960355882445,TRBV29-1*00,SRR7993481,African
0.1128856311850362,TRBV24-1*00,SRR7993481,African
0.1366099706425564,TRBV27*00,SRR7993481,African
0.0037391894402585,TRBV20-1*00,SRR7993482,African
0.0045840839302291,TRBV20-1*00,SRR7993482,African
0.0051990464573839,TRBV20-1*00,SRR7993482,African
0.0062484010895188,TRBV20-1*00,SRR7993482,African
0.0071523079341662,TRBV20-1*00,SRR7993482,African
0.0075990931609954,TRBV29-1*00,SRR7993482,African
0.0080008412556584,TRBV20-1*00,SRR7993482,African
0.0156947022462823,TRBV27*00,SRR7993482,African
0.0271009624392954,TRBV24-1*00,SRR7993482,African
0.0431693041251534,TRBV20-1*00,SRR7993482,African
0.0016449308426593,TRBV20-1*00,SRR7993491,African
0.0019072322848086,TRBV20-1*00,SRR7993491,African
0.002243462217674,TRBV20-1*00,SRR7993491,African
0.002472438836013,TRBV20-1*00,SRR7993491,African
0.0029792392486444,TRBV20-1*00,SRR7993491,African
0.0031539314829344,TRBV3-1*00,SRR7993491,African
0.0045510308727306,TRBV10-3*00,SRR7993491,African
0.0045547141427307,TRBV27*00,SRR7993491,African
0.0061731605201513,TRBV27*00,SRR7993491,African
0.0065406982480175,TRBV20-1*00,SRR7993491,African
0.0055637833281924,TRBV3-1*00,SRR7993492,African
0.0063796978238121,TRBV28*00,SRR7993492,African
0.0065879691091436,TRBV3-1*00,SRR7993492,African
0.0077526083013771,TRBV5-1*00,SRR7993492,African
0.0077706436558602,TRBV29-1*00,SRR7993492,African
0.0094501551596369,TRBV15*00,SRR7993492,African
0.0108075008792235,TRBV7-9*00,SRR7993492,African
0.0122782469783678,TRBV4-1*00,SRR7993492,African
0.0134181802055561,TRBV12-3*00,SRR7993492,African
0.0887648265128605,TRBV7-3*00,SRR7993492,African
0.002403912595731,TRBV7-9*00,SRR7993493,African
0.0027537663334281,TRBV20-1*00,SRR7993493,African
0.0030616275945474,TRBV10-3*00,SRR7993493,African
0.0035734970814288,TRBV20-1*00,SRR7993493,African
0.0038879392530566,TRBV27*00,SRR7993493,African
0.0045200200385591,TRBV20-1*00,SRR7993493,African
0.0052949379197641,TRBV27*00,SRR7993493,African
0.0078594874072397,TRBV20-1*00,SRR7993493,African
0.0091218940687757,TRBV20-1*00,SRR7993493,African
0.0202147394971645,TRBV7-3*00,SRR7993493,African
0.0015969785923963,TRBV15*00,SRR7993494,African
0.0016249015536622,TRBV2*00,SRR7993494,African
0.0021876566191737,TRBV9*00,SRR7993494,African
0.0022617598625331,TRBV11-2*00,SRR7993494,African
0.0024146201761294,TRBV9*00,SRR7993494,African
0.0027192668432734,TRBV9*00,SRR7993494,African
0.0038419130808333,TRBV7-2*00,SRR7993494,African
0.0071855086990763,TRBV5-1*00,SRR7993494,African
0.024431875134245,TRBV7-8*00,SRR7993494,African
0.0254281520727428,TRBV9*00,SRR7993494,African
0.0028120708897012,TRBV12-3*00,SRR7993495,African
0.0028456950888395,TRBV7-8*00,SRR7993495,African
0.003373792804718,TRBV20-1*00,SRR7993495,African
0.0036259742982555,TRBV7-8*00,SRR7993495,African
0.0036417974507912,TRBV5-1*00,SRR7993495,African
0.0045664629270953,TRBV11-2*00,SRR7993495,African
0.0050762651228544,TRBV5-1*00,SRR7993495,African
0.0071332749524934,TRBV5-5*00,SRR7993495,African
0.0163181205259418,TRBV20-1*00,SRR7993495,African
0.0178584055305873,TRBV27*00,SRR7993495,African
0.0010993903327061,TRBV7-8*00,SRR7993496,African
0.0011343198047738,TRBV29-1*00,SRR7993496,African
0.0012740376930445,TRBV9*00,SRR7993496,African
0.0013243598138199,TRBV29-1*00,SRR7993496,African
0.0013409365124283,TRBV29-1*00,SRR7993496,African
0.0013865224336014,TRBV28*00,SRR7993496,African
0.0014664458018918,TRBV20-1*00,SRR7993496,African
0.001707991981614,TRBV7-9*00,SRR7993496,African
0.0017719306762464,TRBV27*00,SRR7993496,African
0.0026433914030872,TRBV4-1*00,SRR7993496,African
0.0016131984493625,TRBV15*00,SRR7993498,African
0.001658958100551,TRBV7-8*00,SRR7993498,African
0.0018372158462257,TRBV7-8*00,SRR7993498,African
0.0019451266654464,TRBV24-1*00,SRR7993498,African
0.0024969743991826,TRBV10-3*00,SRR7993498,African
0.0027257726551252,TRBV5-1*00,SRR7993498,African
0.0037789276123296,TRBV6-6*00,SRR7993498,African
0.0054672538472255,TRBV4-1*00,SRR7993498,African
0.0161995995006051,TRBV20-1*00,SRR7993498,African
0.0294938026406733,TRBV5-1*00,SRR7993498,African
0.002126476997337,TRBV11-1*00,SRR7993504,African
0.0022171970057558,TRBV6-2*00,SRR7993504,African
0.0024972194317419,TRBV28*00,SRR7993504,African
0.0026538626462784,TRBV7-3*00,SRR7993504,African
0.0029435618731625,TRBV24-1*00,SRR7993504,African
0.0031655234937605,TRBV28*00,SRR7993504,African
0.0041846115883319,TRBV12-3*00,SRR7993504,African
0.0042602115953476,TRBV12-3*00,SRR7993504,African
0.0043817764066288,TRBV7-9*00,SRR7993504,African
0.0043993156082564,TRBV5-1*00,SRR7993504,African
0.0010152078572731,TRBV20-1*00,SRR7993521,African
0.0010352505875025,TRBV3-1*00,SRR7993521,African
0.0010600861445259,TRBV5-1*00,SRR7993521,African
0.0010990823261679,TRBV28*00,SRR7993521,African
0.0012265279477355,TRBV7-6*00,SRR7993521,African
0.0014367587593811,TRBV9*00,SRR7993521,African
0.0021602577495107,TRBV20-1*00,SRR7993521,African
0.0040431851122599,TRBV10-2*00,SRR7993521,African
0.0043200797874947,TRBV20-1*00,SRR7993521,African
0.0044368504766575,TRBV4-1*00,SRR7993521,African
